source,target,weight
Emil von Behring,Medicine,1
Emil von Behring,Europe,1
Jacobus H. van 't Hoff,Chemistry,1
Jacobus H. van 't Hoff,Europe,1
Sully Prudhomme,Literature,1
Henry Dunant,Peace,1
Wilhelm Conrad Röntgen,Physics,1
Wilhelm Conrad Röntgen,Europe,1
Frédéric Passy,Peace,1
Hendrik A. Lorentz,Physics,1
Hendrik A. Lorentz,Europe,1
Theodor Mommsen,Literature,1
Albert Gobat,Peace,1
Pieter Zeeman,Physics,1
Pieter Zeeman,Europe,1
Ronald Ross,Medicine,1
Ronald Ross,Europe,1
Élie Ducommun,Peace,1
Emil Fischer,Chemistry,1
Emil Fischer,Europe,1
Randal Cremer,Peace,1
Pierre Curie,Physics,1
Pierre Curie,Europe,1
Henri Becquerel,Physics,1
Henri Becquerel,Europe,1
Svante Arrhenius,Chemistry,1
Svante Arrhenius,Europe,1
Bjørnstjerne Bjørnson,Literature,1
Niels Ryberg Finsen,Medicine,1
Niels Ryberg Finsen,Europe,1
Marie Curie,Physics,1
Lord Rayleigh,Physics,1
Lord Rayleigh,Europe,1
Frédéric Mistral,Literature,1
José Echegaray,Literature,1
Sir William Ramsay,Chemistry,1
Sir William Ramsay,Europe,1
Ivan Pavlov,Medicine,1
Ivan Pavlov,Russia,1
Robert Koch,Medicine,1
Robert Koch,Europe,1
Henryk Sienkiewicz,Literature,1
Adolf von Baeyer,Chemistry,1
Adolf von Baeyer,Europe,1
Philipp Lenard,Physics,1
Philipp Lenard,Europe,1
Bertha von Suttner,Peace,1
Giosuè Carducci,Literature,1
Henri Moissan,Chemistry,1
Henri Moissan,Europe,1
Theodore Roosevelt,Peace,1
Santiago Ramón y Cajal,Medicine,1
Santiago Ramón y Cajal,Europe,1
Camillo Golgi,Medicine,1
Camillo Golgi,Europe,1
J.J. Thomson,Physics,1
J.J. Thomson,Europe,1
Ernesto Teodoro Moneta,Peace,1
Albert A. Michelson,Physics,1
Albert A. Michelson,North America,1
Louis Renault,Peace,1
Louis Renault,Europe,1
Rudyard Kipling,Literature,1
Eduard Buchner,Chemistry,1
Eduard Buchner,Europe,1
Alphonse Laveran,Medicine,1
Alphonse Laveran,Europe,1
Ernest Rutherford,Chemistry,1
Ernest Rutherford,Europe,1
Fredrik Bajer,Peace,1
Ilya Mechnikov,Medicine,1
Ilya Mechnikov,Europe,1
Paul Ehrlich,Medicine,1
Paul Ehrlich,Europe,1
Rudolf Eucken,Literature,1
Gabriel Lippmann,Physics,1
Gabriel Lippmann,Europe,1
Klas Pontus Arnoldson,Peace,1
Theodor Kocher,Medicine,1
Theodor Kocher,Europe,1
Paul Henri d'Estournelles de Constant,Peace,1
Wilhelm Ostwald,Chemistry,1
Wilhelm Ostwald,Europe,1
Auguste Beernaert,Peace,1
Ferdinand Braun,Physics,1
Ferdinand Braun,Europe,1
Guglielmo Marconi,Physics,1
Guglielmo Marconi,Europe,1
Selma Lagerlöf,Literature,1
Johannes Diderik van der Waals,Physics,1
Johannes Diderik van der Waals,Europe,1
Otto Wallach,Chemistry,1
Otto Wallach,Europe,1
Albrecht Kossel,Medicine,1
Albrecht Kossel,Europe,1
Paul Heyse,Literature,1
Tobias Asser,Peace,1
Wilhelm Wien,Physics,1
Wilhelm Wien,Europe,1
Maurice Maeterlinck,Literature,1
Marie Curie,Chemistry,1
Marie Curie,Europe,1
Alfred Fried,Peace,1
Allvar Gullstrand,Medicine,1
Allvar Gullstrand,Europe,1
Victor Grignard,Chemistry,1
Victor Grignard,Europe,1
Gustaf Dalén,Physics,1
Gustaf Dalén,Europe,1
Gerhart Hauptmann,Literature,1
Elihu Root,Peace,1
Alexis Carrel,Medicine,1
Alexis Carrel,North America,1
Paul Sabatier,Chemistry,1
Paul Sabatier,Europe,1
Rabindranath Tagore,Literature,1
Henri La Fontaine,Peace,1
Charles Richet,Medicine,1
Charles Richet,Europe,1
Alfred Werner,Chemistry,1
Alfred Werner,Europe,1
Heike Kamerlingh Onnes,Physics,1
Heike Kamerlingh Onnes,Europe,1
Max von Laue,Physics,1
Max von Laue,Europe,1
Theodore W. Richards,Chemistry,1
Theodore W. Richards,North America,1
Robert Bárány,Medicine,1
Robert Bárány,Europe,1
Richard Willstätter,Chemistry,1
Richard Willstätter,Europe,1
Romain Rolland,Literature,1
William Bragg,Physics,1
William Bragg,Europe,1
Lawrence Bragg,Physics,1
Lawrence Bragg,Europe,1
Verner von Heidenstam,Literature,1
Karl Gjellerup,Literature,1
Henrik Pontoppidan,Literature,1
Charles Glover Barkla,Physics,1
Charles Glover Barkla,Europe,1
Fritz Haber,Chemistry,1
Fritz Haber,Europe,1
Max Planck,Physics,1
Max Planck,Europe,1
Johannes Stark,Physics,1
Johannes Stark,Europe,1
Jules Bordet,Medicine,1
Jules Bordet,Europe,1
Carl Spitteler,Literature,1
Woodrow Wilson,Peace,1
Léon Bourgeois,Peace,1
Walther Nernst,Chemistry,1
Walther Nernst,Europe,1
Charles Edouard Guillaume,Physics,1
Charles Edouard Guillaume,Europe,1
Knut Hamsun,Literature,1
August Krogh,Medicine,1
August Krogh,Europe,1
Albert Einstein,Physics,1
Albert Einstein,Europe,1
Hjalmar Branting,Peace,1
Anatole France,Literature,1
Frederick Soddy,Chemistry,1
Frederick Soddy,Europe,1
Christian Lange,Peace,1
Fridtjof Nansen,Peace,1
Niels Bohr,Physics,1
Niels Bohr,Europe,1
Francis W. Aston,Chemistry,1
Francis W. Aston,Europe,1
Jacinto Benavente,Literature,1
Otto Meyerhof,Medicine,1
Otto Meyerhof,Europe,1
Archibald V. Hill,Medicine,1
Archibald V. Hill,Europe,1
John Macleod,Medicine,1
John Macleod,North America,1
Fritz Pregl,Chemistry,1
Fritz Pregl,Europe,1
Frederick G. Banting,Medicine,1
Frederick G. Banting,North America,1
William Butler Yeats,Literature,1
Robert A. Millikan,Physics,1
Robert A. Millikan,North America,1
Manne Siegbahn,Physics,1
Manne Siegbahn,Europe,1
Willem Einthoven,Medicine,1
Willem Einthoven,Europe,1
Wladyslaw Reymont,Literature,1
Sir Austen Chamberlain,Peace,1
George Bernard Shaw,Literature,1
Gustav Hertz,Physics,1
Gustav Hertz,Europe,1
Charles G. Dawes,Peace,1
James Franck,Physics,1
James Franck,Europe,1
Richard Zsigmondy,Chemistry,1
Richard Zsigmondy,Europe,1
The Svedberg,Chemistry,1
The Svedberg,Europe,1
Grazia Deledda,Literature,1
Gustav Stresemann,Peace,1
Aristide Briand,Peace,1
Jean Baptiste Perrin,Physics,1
Jean Baptiste Perrin,Europe,1
Johannes Fibiger,Medicine,1
Johannes Fibiger,Europe,1
Ferdinand Buisson,Peace,1
Arthur H. Compton,Physics,1
Arthur H. Compton,North America,1
Julius Wagner-Jauregg,Medicine,1
Julius Wagner-Jauregg,Europe,1
Heinrich Wieland,Chemistry,1
Heinrich Wieland,Europe,1
Henri Bergson,Literature,1
C.T.R. Wilson,Physics,1
C.T.R. Wilson,Europe,1
Ludwig Quidde,Peace,1
Owen Willans Richardson,Physics,1
Owen Willans Richardson,Europe,1
Adolf Windaus,Chemistry,1
Adolf Windaus,Europe,1
Sigrid Undset,Literature,1
Charles Nicolle,Medicine,1
Charles Nicolle,Tunisia,1
Frank B. Kellogg,Peace,1
Arthur Harden,Chemistry,1
Arthur Harden,Europe,1
Sir Frederick Hopkins,Medicine,1
Sir Frederick Hopkins,Europe,1
Thomas Mann,Literature,1
Hans von Euler-Chelpin,Chemistry,1
Hans von Euler-Chelpin,Europe,1
Christiaan Eijkman,Medicine,1
Christiaan Eijkman,Europe,1
Louis de Broglie,Physics,1
Louis de Broglie,Europe,1
Sinclair Lewis,Literature,1
Hans Fischer,Chemistry,1
Hans Fischer,Europe,1
Nathan Söderblom,Peace,1
Sir Chandrasekhara Venkata Raman,Physics,1
Sir Chandrasekhara Venkata Raman,India,1
Karl Landsteiner,Medicine,1
Karl Landsteiner,North America,1
Friedrich Bergius,Chemistry,1
Friedrich Bergius,Europe,1
Otto Warburg,Medicine,1
Otto Warburg,Europe,1
Nicholas Murray Butler,Peace,1
Nicholas Murray Butler,North America,1
Jane Addams,Peace,1
Erik Axel Karlfeldt,Literature,1
Carl Bosch,Chemistry,1
Carl Bosch,Europe,1
John Galsworthy,Literature,1
Werner Heisenberg,Physics,1
Werner Heisenberg,Europe,1
Irving Langmuir,Chemistry,1
Irving Langmuir,North America,1
Edgar Adrian,Medicine,1
Edgar Adrian,Europe,1
Sir Charles Sherrington,Medicine,1
Sir Charles Sherrington,Europe,1
Sir Norman Angell,Peace,1
Ivan Bunin,Literature,1
Thomas H. Morgan,Medicine,1
Thomas H. Morgan,North America,1
Erwin Schrödinger,Physics,1
Erwin Schrödinger,Europe,1
Paul A.M. Dirac,Physics,1
Paul A.M. Dirac,Europe,1
George R. Minot,Medicine,1
George R. Minot,North America,1
William P. Murphy,Medicine,1
William P. Murphy,North America,1
Harold C. Urey,Chemistry,1
Harold C. Urey,North America,1
George H. Whipple,Medicine,1
George H. Whipple,North America,1
Luigi Pirandello,Literature,1
Arthur Henderson,Peace,1
Frédéric Joliot,Chemistry,1
Frédéric Joliot,Europe,1
Irène Joliot-Curie,Chemistry,1
Irène Joliot-Curie,Europe,1
James Chadwick,Physics,1
James Chadwick,Europe,1
Carl von Ossietzky,Peace,1
Hans Spemann,Medicine,1
Hans Spemann,Europe,1
Peter Debye,Chemistry,1
Peter Debye,Europe,1
Victor F. Hess,Physics,1
Victor F. Hess,Europe,1
Carlos Saavedra Lamas,Peace,1
Otto Loewi,Medicine,1
Otto Loewi,Europe,1
Carl D. Anderson,Physics,1
Carl D. Anderson,North America,1
Sir Henry Dale,Medicine,1
Sir Henry Dale,Europe,1
Eugene O'Neill,Literature,1
Paul Karrer,Chemistry,1
Paul Karrer,Europe,1
George Paget Thomson,Physics,1
George Paget Thomson,Europe,1
"Robert Cecil, Viscount Cecil of Chelwood",Peace,1
Clinton Davisson,Physics,1
Clinton Davisson,North America,1
Roger Martin du Gard,Literature,1
Norman Haworth,Chemistry,1
Norman Haworth,Europe,1
Albert Szent-Györgyi,Medicine,1
Albert Szent-Györgyi,Europe,1
Enrico Fermi,Physics,1
Enrico Fermi,Europe,1
Corneille Heymans,Medicine,1
Corneille Heymans,Europe,1
Pearl Buck,Literature,1
Richard Kuhn,Chemistry,1
Richard Kuhn,Europe,1
Gerhard Domagk,Medicine,1
Gerhard Domagk,Europe,1
Leopold Ruzicka,Chemistry,1
Leopold Ruzicka,Europe,1
Frans Eemil Sillanpää,Literature,1
Ernest Lawrence,Physics,1
Ernest Lawrence,North America,1
Adolf Butenandt,Chemistry,1
Adolf Butenandt,Europe,1
Edward A. Doisy,Medicine,1
Edward A. Doisy,North America,1
Henrik Dam,Medicine,1
Henrik Dam,Europe,1
Otto Stern,Physics,1
Otto Stern,North America,1
George de Hevesy,Chemistry,1
George de Hevesy,Europe,1
Otto Hahn,Chemistry,1
Otto Hahn,Europe,1
Johannes V. Jensen,Literature,1
Isidor Isaac Rabi,Physics,1
Isidor Isaac Rabi,North America,1
Herbert S. Gasser,Medicine,1
Herbert S. Gasser,North America,1
Joseph Erlanger,Medicine,1
Joseph Erlanger,North America,1
Sir Alexander Fleming,Medicine,1
Sir Alexander Fleming,Europe,1
Cordell Hull,Peace,1
Wolfgang Pauli,Physics,1
Wolfgang Pauli,North America,1
Sir Howard Florey,Medicine,1
Sir Howard Florey,Europe,1
Gabriela Mistral,Literature,1
Artturi Virtanen,Chemistry,1
Artturi Virtanen,Europe,1
Ernst B. Chain,Medicine,1
Ernst B. Chain,Europe,1
Wendell M. Stanley,Chemistry,1
Wendell M. Stanley,North America,1
James B. Sumner,Chemistry,1
James B. Sumner,North America,1
John H. Northrop,Chemistry,1
John H. Northrop,North America,1
Hermann J. Muller,Medicine,1
Hermann J. Muller,North America,1
Hermann Hesse,Literature,1
John R. Mott,Peace,1
Emily Greene Balch,Peace,1
Percy W. Bridgman,Physics,1
Percy W. Bridgman,North America,1
André Gide,Literature,1
Bernardo Houssay,Medicine,1
Bernardo Houssay,Argentina,1
Sir Robert Robinson,Chemistry,1
Sir Robert Robinson,Europe,1
Carl Cori,Medicine,1
Carl Cori,North America,1
Edward V. Appleton,Physics,1
Edward V. Appleton,Europe,1
Gerty Cori,Medicine,1
Gerty Cori,North America,1
T.S. Eliot,Literature,1
Patrick M.S. Blackett,Physics,1
Patrick M.S. Blackett,Europe,1
Paul Müller,Medicine,1
Paul Müller,Europe,1
Arne Tiselius,Chemistry,1
Arne Tiselius,Europe,1
William F. Giauque,Chemistry,1
William F. Giauque,North America,1
Hideki Yukawa,Physics,1
Hideki Yukawa,Japan,1
Lord Boyd Orr,Peace,1
Egas Moniz,Medicine,1
Egas Moniz,Europe,1
William Faulkner,Literature,1
Walter Hess,Medicine,1
Walter Hess,Europe,1
Bertrand Russell,Literature,1
Edward C. Kendall,Medicine,1
Edward C. Kendall,North America,1
Tadeus Reichstein,Medicine,1
Tadeus Reichstein,Europe,1
Otto Diels,Chemistry,1
Otto Diels,Europe,1
Philip S. Hench,Medicine,1
Philip S. Hench,North America,1
Kurt Alder,Chemistry,1
Kurt Alder,Europe,1
Ralph Bunche,Peace,1
Ralph Bunche,North America,1
Cecil Powell,Physics,1
Cecil Powell,Europe,1
Max Theiler,Medicine,1
Max Theiler,North America,1
Pär Lagerkvist,Literature,1
John Cockcroft,Physics,1
John Cockcroft,Europe,1
Ernest T.S. Walton,Physics,1
Ernest T.S. Walton,Europe,1
Glenn T. Seaborg,Chemistry,1
Glenn T. Seaborg,North America,1
Léon Jouhaux,Peace,1
Edwin M. McMillan,Chemistry,1
Edwin M. McMillan,North America,1
E. M. Purcell,Physics,1
E. M. Purcell,North America,1
Albert Schweitzer,Peace,1
Archer J.P. Martin,Chemistry,1
Archer J.P. Martin,Europe,1
Selman A. Waksman,Medicine,1
Selman A. Waksman,North America,1
François Mauriac,Literature,1
Felix Bloch,Physics,1
Felix Bloch,North America,1
Richard L.M. Synge,Chemistry,1
Richard L.M. Synge,Europe,1
Winston Churchill,Literature,1
Hermann Staudinger,Chemistry,1
Hermann Staudinger,Europe,1
Fritz Lipmann,Medicine,1
Fritz Lipmann,North America,1
Hans Krebs,Medicine,1
Hans Krebs,Europe,1
Frits Zernike,Physics,1
Frits Zernike,Europe,1
George C. Marshall,Peace,1
Max Born,Physics,1
Max Born,Europe,1
Thomas H. Weller,Medicine,1
Thomas H. Weller,North America,1
John F. Enders,Medicine,1
John F. Enders,North America,1
Linus Pauling,Chemistry,1
Linus Pauling,North America,1
Ernest Hemingway,Literature,1
Frederick C. Robbins,Medicine,1
Frederick C. Robbins,North America,1
Walther Bothe,Physics,1
Walther Bothe,Europe,1
Hugo Theorell,Medicine,1
Hugo Theorell,Europe,1
Halldór Laxness,Literature,1
Polykarp Kusch,Physics,1
Polykarp Kusch,North America,1
Willis E. Lamb,Physics,1
Willis E. Lamb,North America,1
Vincent du Vigneaud,Chemistry,1
Vincent du Vigneaud,North America,1
Dickinson W. Richards,Medicine,1
Dickinson W. Richards,North America,1
Walter H. Brattain,Physics,1
Walter H. Brattain,North America,1
Werner Forssmann,Medicine,1
Werner Forssmann,Europe,1
André F. Cournand,Medicine,1
André F. Cournand,North America,1
Nikolay Semenov,Chemistry,1
Nikolay Semenov,Russia,1
John Bardeen,Physics,1
John Bardeen,North America,1
William B. Shockley,Physics,1
William B. Shockley,North America,1
Sir Cyril Hinshelwood,Chemistry,1
Sir Cyril Hinshelwood,Europe,1
Juan Ramón Jiménez,Literature,1
Lester Bowles Pearson,Peace,1
Chen Ning Yang,Physics,1
Chen Ning Yang,North America,1
Lord Todd,Chemistry,1
Lord Todd,Europe,1
Albert Camus,Literature,1
Daniel Bovet,Medicine,1
Daniel Bovet,Europe,1
Tsung-Dao Lee,Physics,1
Tsung-Dao Lee,North America,1
Pavel A. Cherenkov,Physics,1
Pavel A. Cherenkov,Russia,1
Boris Pasternak,Literature,1
George Beadle,Medicine,1
George Beadle,North America,1
Frederick Sanger,Chemistry,1
Frederick Sanger,Europe,1
Igor Y. Tamm,Physics,1
Igor Y. Tamm,Russia,1
Georges Pire,Peace,1
Il´ja M. Frank,Physics,1
Il´ja M. Frank,Russia,1
Edward Tatum,Medicine,1
Edward Tatum,North America,1
Joshua Lederberg,Medicine,1
Joshua Lederberg,North America,1
Emilio Segrè,Physics,1
Emilio Segrè,North America,1
Salvatore Quasimodo,Literature,1
Jaroslav Heyrovsky,Chemistry,1
Jaroslav Heyrovsky,Europe,1
Philip Noel-Baker,Peace,1
Owen Chamberlain,Physics,1
Owen Chamberlain,North America,1
Arthur Kornberg,Medicine,1
Arthur Kornberg,North America,1
Severo Ochoa,Medicine,1
Severo Ochoa,North America,1
Donald A. Glaser,Physics,1
Donald A. Glaser,North America,1
Peter Medawar,Medicine,1
Peter Medawar,Europe,1
Sir Frank Macfarlane Burnet,Medicine,1
Sir Frank Macfarlane Burnet,Australia,1
Willard F. Libby,Chemistry,1
Willard F. Libby,North America,1
Albert Luthuli,Peace,1
Saint-John Perse,Literature,1
Ivo Andric,Literature,1
Dag Hammarskjöld,Peace,1
Georg von Békésy,Medicine,1
Georg von Békésy,North America,1
Rudolf Mössbauer,Physics,1
Rudolf Mössbauer,Europe,1
Robert Hofstadter,Physics,1
Robert Hofstadter,North America,1
Melvin Calvin,Chemistry,1
Melvin Calvin,North America,1
Maurice Wilkins,Medicine,1
Maurice Wilkins,Europe,1
James Watson,Medicine,1
James Watson,North America,1
Linus Pauling,Peace,1
Linus Pauling,North America,1
John C. Kendrew,Chemistry,1
John C. Kendrew,Europe,1
Max F. Perutz,Chemistry,1
Max F. Perutz,Europe,1
Francis Crick,Medicine,1
Francis Crick,Europe,1
John Steinbeck,Literature,1
Lev Landau,Physics,1
Lev Landau,Russia,1
Giulio Natta,Chemistry,1
Giulio Natta,Europe,1
Giorgos Seferis,Literature,1
Eugene Wigner,Physics,1
Eugene Wigner,North America,1
Alan Hodgkin,Medicine,1
Alan Hodgkin,Europe,1
Andrew Huxley,Medicine,1
Andrew Huxley,Europe,1
Karl Ziegler,Chemistry,1
Karl Ziegler,Europe,1
J. Hans D. Jensen,Physics,1
J. Hans D. Jensen,Europe,1
Maria Goeppert Mayer,Physics,1
Maria Goeppert Mayer,North America,1
Sir John Eccles,Medicine,1
Sir John Eccles,Australia,1
Dorothy Crowfoot Hodgkin,Chemistry,1
Dorothy Crowfoot Hodgkin,Europe,1
Nicolay G. Basov,Physics,1
Nicolay G. Basov,Russia,1
Konrad Bloch,Medicine,1
Konrad Bloch,North America,1
Jean-Paul Sartre,Literature,1
Charles H. Townes,Physics,1
Charles H. Townes,North America,1
Feodor Lynen,Medicine,1
Feodor Lynen,Europe,1
Aleksandr M. Prokhorov,Physics,1
Aleksandr M. Prokhorov,Russia,1
Martin Luther King Jr.,Peace,1
Jacques Monod,Medicine,1
Jacques Monod,Europe,1
Sin-Itiro Tomonaga,Physics,1
Sin-Itiro Tomonaga,Japan,1
Julian Schwinger,Physics,1
Julian Schwinger,North America,1
Mikhail Sholokhov,Literature,1
André Lwoff,Medicine,1
André Lwoff,Europe,1
Richard P. Feynman,Physics,1
Richard P. Feynman,North America,1
Robert B. Woodward,Chemistry,1
Robert B. Woodward,North America,1
François Jacob,Medicine,1
François Jacob,Europe,1
Shmuel Agnon,Literature,1
Charles B. Huggins,Medicine,1
Charles B. Huggins,North America,1
Peyton Rous,Medicine,1
Peyton Rous,North America,1
Alfred Kastler,Physics,1
Alfred Kastler,Europe,1
Robert S. Mulliken,Chemistry,1
Robert S. Mulliken,North America,1
Nelly Sachs,Literature,1
Hans Bethe,Physics,1
Hans Bethe,North America,1
Miguel Angel Asturias,Literature,1
Ronald G.W. Norrish,Chemistry,1
Ronald G.W. Norrish,Europe,1
Ragnar Granit,Medicine,1
Ragnar Granit,Europe,1
Keffer Hartline,Medicine,1
Keffer Hartline,North America,1
George Porter,Chemistry,1
George Porter,Europe,1
Manfred Eigen,Chemistry,1
Manfred Eigen,Europe,1
George Wald,Medicine,1
George Wald,North America,1
Yasunari Kawabata,Literature,1
Marshall W. Nirenberg,Medicine,1
Marshall W. Nirenberg,North America,1
René Cassin,Peace,1
Lars Onsager,Chemistry,1
Lars Onsager,North America,1
H. Gobind Khorana,Medicine,1
H. Gobind Khorana,North America,1
Robert W. Holley,Medicine,1
Robert W. Holley,North America,1
Luis Alvarez,Physics,1
Luis Alvarez,North America,1
Samuel Beckett,Literature,1
Ragnar Frisch,Economic Sciences,1
Ragnar Frisch,Europe,1
Salvador E. Luria,Medicine,1
Salvador E. Luria,North America,1
Murray Gell-Mann,Physics,1
Murray Gell-Mann,North America,1
Max Delbrück,Medicine,1
Max Delbrück,North America,1
Derek Barton,Chemistry,1
Derek Barton,Europe,1
Jan Tinbergen,Economic Sciences,1
Jan Tinbergen,Europe,1
Alfred D. Hershey,Medicine,1
Alfred D. Hershey,North America,1
Odd Hassel,Chemistry,1
Odd Hassel,Europe,1
Louis Néel,Physics,1
Louis Néel,Europe,1
Norman Borlaug,Peace,1
Alexandr Solzhenitsyn,Literature,1
Julius Axelrod,Medicine,1
Julius Axelrod,North America,1
Luis Leloir,Chemistry,1
Luis Leloir,Argentina,1
Hannes Alfvén,Physics,1
Hannes Alfvén,Europe,1
Ulf von Euler,Medicine,1
Ulf von Euler,Europe,1
Sir Bernard Katz,Medicine,1
Sir Bernard Katz,Europe,1
Paul A. Samuelson,Economic Sciences,1
Paul A. Samuelson,North America,1
Gerhard Herzberg,Chemistry,1
Gerhard Herzberg,North America,1
Simon Kuznets,Economic Sciences,1
Simon Kuznets,North America,1
Dennis Gabor,Physics,1
Dennis Gabor,Europe,1
Pablo Neruda,Literature,1
Willy Brandt,Peace,1
"Earl W. Sutherland, Jr.",Medicine,1
"Earl W. Sutherland, Jr.",North America,1
John Bardeen,Physics,1
John Bardeen,North America,1
Kenneth J. Arrow,Economic Sciences,1
Kenneth J. Arrow,North America,1
Heinrich Böll,Literature,1
John R. Hicks,Economic Sciences,1
John R. Hicks,Europe,1
Christian Anfinsen,Chemistry,1
Christian Anfinsen,North America,1
Stanford Moore,Chemistry,1
Stanford Moore,North America,1
Rodney R. Porter,Medicine,1
Rodney R. Porter,Europe,1
Gerald M. Edelman,Medicine,1
Gerald M. Edelman,North America,1
Leon N. Cooper,Physics,1
Leon N. Cooper,North America,1
William H. Stein,Chemistry,1
William H. Stein,North America,1
Robert Schrieffer,Physics,1
Robert Schrieffer,North America,1
Brian D. Josephson,Physics,1
Brian D. Josephson,Europe,1
Ernst Otto Fischer,Chemistry,1
Ernst Otto Fischer,Europe,1
Wassily Leontief,Economic Sciences,1
Wassily Leontief,North America,1
Geoffrey Wilkinson,Chemistry,1
Geoffrey Wilkinson,Europe,1
Patrick White,Literature,1
Karl von Frisch,Medicine,1
Karl von Frisch,Europe,1
Nikolaas Tinbergen,Medicine,1
Nikolaas Tinbergen,Europe,1
Henry Kissinger,Peace,1
Ivar Giaever,Physics,1
Ivar Giaever,North America,1
Leo Esaki,Physics,1
Leo Esaki,North America,1
Le Duc Tho ,Peace,1
Konrad Lorenz,Medicine,1
Konrad Lorenz,Europe,1
Albert Claude,Medicine,1
Albert Claude,Europe,1
Gunnar Myrdal,Economic Sciences,1
Antony Hewish,Physics,1
Antony Hewish,Europe,1
Eisaku Sato,Peace,1
George E. Palade,Medicine,1
George E. Palade,North America,1
Friedrich von Hayek,Economic Sciences,1
Paul J. Flory,Chemistry,1
Paul J. Flory,North America,1
Harry Martinson,Literature,1
Seán MacBride,Peace,1
Martin Ryle,Physics,1
Martin Ryle,Europe,1
Christian de Duve,Medicine,1
Christian de Duve,North America,1
Eyvind Johnson,Literature,1
Howard M. Temin,Medicine,1
Howard M. Temin,North America,1
Ben R. Mottelson,Physics,1
Ben R. Mottelson,Europe,1
Leonid Vitaliyevich Kantorovich,Economic Sciences,1
Leonid Vitaliyevich Kantorovich,Russia,1
John Cornforth,Chemistry,1
John Cornforth,Europe,1
Tjalling C. Koopmans,Economic Sciences,1
Tjalling C. Koopmans,North America,1
Vladimir Prelog,Chemistry,1
Vladimir Prelog,Europe,1
Eugenio Montale,Literature,1
James Rainwater,Physics,1
James Rainwater,North America,1
Renato Dulbecco,Medicine,1
Renato Dulbecco,Europe,1
Aage N. Bohr,Physics,1
Aage N. Bohr,Europe,1
David Baltimore,Medicine,1
David Baltimore,North America,1
Andrei Sakharov,Peace,1
Mairead Corrigan,Peace,1
Samuel C.C. Ting,Physics,1
Samuel C.C. Ting,North America,1
William Lipscomb,Chemistry,1
William Lipscomb,North America,1
D. Carleton Gajdusek,Medicine,1
D. Carleton Gajdusek,North America,1
Baruch S. Blumberg,Medicine,1
Baruch S. Blumberg,North America,1
Burton Richter,Physics,1
Burton Richter,North America,1
Milton Friedman,Economic Sciences,1
Milton Friedman,North America,1
Betty Williams,Peace,1
Saul Bellow,Literature,1
Sir Nevill F. Mott,Physics,1
Sir Nevill F. Mott,Europe,1
Roger Guillemin,Medicine,1
Roger Guillemin,North America,1
Ilya Prigogine,Chemistry,1
Ilya Prigogine,Europe,1
Rosalyn Yalow,Medicine,1
Rosalyn Yalow,North America,1
Bertil Ohlin,Economic Sciences,1
Bertil Ohlin,Europe,1
Andrew V. Schally,Medicine,1
Andrew V. Schally,North America,1
John H. van Vleck,Physics,1
John H. van Vleck,North America,1
Vicente Aleixandre,Literature,1
Philip W. Anderson,Physics,1
Philip W. Anderson,North America,1
James E. Meade,Economic Sciences,1
James E. Meade,Europe,1
Menachem Begin,Peace,1
Anwar al-Sadat,Peace,1
Isaac Bashevis Singer,Literature,1
Werner Arber,Medicine,1
Werner Arber,Europe,1
Daniel Nathans,Medicine,1
Daniel Nathans,North America,1
Pyotr Kapitsa,Physics,1
Pyotr Kapitsa,Russia,1
Hamilton O. Smith,Medicine,1
Hamilton O. Smith,North America,1
Peter Mitchell,Chemistry,1
Peter Mitchell,Europe,1
Herbert Simon,Economic Sciences,1
Herbert Simon,North America,1
Robert Woodrow Wilson,Physics,1
Robert Woodrow Wilson,North America,1
Arno Penzias,Physics,1
Arno Penzias,North America,1
Steven Weinberg,Physics,1
Steven Weinberg,North America,1
Godfrey N. Hounsfield,Medicine,1
Godfrey N. Hounsfield,Europe,1
Theodore W. Schultz,Economic Sciences,1
Theodore W. Schultz,North America,1
Georg Wittig,Chemistry,1
Georg Wittig,Europe,1
Sir Arthur Lewis,Economic Sciences,1
Sir Arthur Lewis,North America,1
Odysseus Elytis,Literature,1
Abdus Salam,Physics,1
Abdus Salam,Europe,1
Herbert C. Brown,Chemistry,1
Herbert C. Brown,North America,1
Sheldon Glashow,Physics,1
Sheldon Glashow,North America,1
Mother Teresa ,Peace,1
Allan M. Cormack,Medicine,1
Allan M. Cormack,North America,1
Lawrence R. Klein,Economic Sciences,1
Lawrence R. Klein,North America,1
Val Fitch,Physics,1
Val Fitch,North America,1
James Cronin,Physics,1
James Cronin,North America,1
Paul Berg,Chemistry,1
Paul Berg,North America,1
Frederick Sanger,Chemistry,1
Frederick Sanger,Europe,1
Walter Gilbert,Chemistry,1
Walter Gilbert,North America,1
Adolfo Pérez Esquivel,Peace,1
Jean Dausset,Medicine,1
Jean Dausset,Europe,1
Czeslaw Milosz,Literature,1
George D. Snell,Medicine,1
George D. Snell,North America,1
Baruj Benacerraf,Medicine,1
Baruj Benacerraf,North America,1
Roald Hoffmann,Chemistry,1
Roald Hoffmann,North America,1
James Tobin,Economic Sciences,1
James Tobin,North America,1
Kenichi Fukui,Chemistry,1
Kenichi Fukui,Japan,1
Nicolaas Bloembergen,Physics,1
Nicolaas Bloembergen,North America,1
Arthur L. Schawlow,Physics,1
Arthur L. Schawlow,North America,1
David H. Hubel,Medicine,1
David H. Hubel,North America,1
Roger W. Sperry,Medicine,1
Roger W. Sperry,North America,1
Elias Canetti,Literature,1
Torsten N. Wiesel,Medicine,1
Torsten N. Wiesel,North America,1
Kai M. Siegbahn,Physics,1
Kai M. Siegbahn,Europe,1
Kenneth G. Wilson,Physics,1
Kenneth G. Wilson,North America,1
Bengt I. Samuelsson,Medicine,1
Bengt I. Samuelsson,Europe,1
Alfonso García Robles,Peace,1
John R. Vane,Medicine,1
John R. Vane,Europe,1
Gabriel García Márquez,Literature,1
George J. Stigler,Economic Sciences,1
George J. Stigler,North America,1
Alva Myrdal,Peace,1
Aaron Klug,Chemistry,1
Aaron Klug,Europe,1
Sune K. Bergström,Medicine,1
Sune K. Bergström,Europe,1
Henry Taube,Chemistry,1
Henry Taube,North America,1
William A. Fowler,Physics,1
William A. Fowler,North America,1
Gerard Debreu,Economic Sciences,1
Gerard Debreu,North America,1
William Golding,Literature,1
Subramanyan Chandrasekhar,Physics,1
Subramanyan Chandrasekhar,North America,1
Lech Walesa,Peace,1
Barbara McClintock,Medicine,1
Barbara McClintock,North America,1
Georges J.F. Köhler,Medicine,1
Georges J.F. Köhler,Europe,1
Richard Stone,Economic Sciences,1
Richard Stone,Europe,1
Carlo Rubbia,Physics,1
Carlo Rubbia,Europe,1
Desmond Tutu,Peace,1
César Milstein,Medicine,1
César Milstein,Europe,1
Simon van der Meer,Physics,1
Simon van der Meer,Europe,1
Jaroslav Seifert,Literature,1
Bruce Merrifield,Chemistry,1
Bruce Merrifield,North America,1
Niels K. Jerne,Medicine,1
Niels K. Jerne,Europe,1
Jerome Karle,Chemistry,1
Jerome Karle,North America,1
Claude Simon,Literature,1
Klaus von Klitzing,Physics,1
Klaus von Klitzing,Europe,1
Michael S. Brown,Medicine,1
Michael S. Brown,North America,1
Herbert A. Hauptman,Chemistry,1
Herbert A. Hauptman,North America,1
Franco Modigliani,Economic Sciences,1
Franco Modigliani,North America,1
Joseph L. Goldstein,Medicine,1
Joseph L. Goldstein,North America,1
Heinrich Rohrer,Physics,1
Heinrich Rohrer,Europe,1
Gerd Binnig,Physics,1
Gerd Binnig,Europe,1
Elie Wiesel,Peace,1
Yuan T. Lee,Chemistry,1
Yuan T. Lee,North America,1
Ernst Ruska,Physics,1
Ernst Ruska,Europe,1
Stanley Cohen,Medicine,1
Stanley Cohen,North America,1
Dudley R. Herschbach,Chemistry,1
Dudley R. Herschbach,North America,1
Wole Soyinka,Literature,1
John C. Polanyi,Chemistry,1
John C. Polanyi,North America,1
James M. Buchanan Jr.,Economic Sciences,1
James M. Buchanan Jr.,North America,1
Rita Levi-Montalcini,Medicine,1
Rita Levi-Montalcini,Europe,1
Charles J. Pedersen,Chemistry,1
Charles J. Pedersen,North America,1
K. Alex Müller,Physics,1
K. Alex Müller,Europe,1
Oscar Arias Sánchez,Peace,1
Jean-Marie Lehn,Chemistry,1
Jean-Marie Lehn,Europe,1
Joseph Brodsky,Literature,1
Susumu Tonegawa,Medicine,1
Susumu Tonegawa,North America,1
J. Georg Bednorz,Physics,1
J. Georg Bednorz,Europe,1
Robert M. Solow,Economic Sciences,1
Robert M. Solow,North America,1
Donald J. Cram,Chemistry,1
Donald J. Cram,North America,1
Hartmut Michel,Chemistry,1
Hartmut Michel,Europe,1
Gertrude B. Elion,Medicine,1
Gertrude B. Elion,North America,1
Johann Deisenhofer,Chemistry,1
Johann Deisenhofer,North America,1
Leon M. Lederman,Physics,1
Leon M. Lederman,North America,1
Robert Huber,Chemistry,1
Robert Huber,Europe,1
Jack Steinberger,Physics,1
Jack Steinberger,Europe,1
Maurice Allais,Economic Sciences,1
Maurice Allais,Europe,1
Sir James W. Black,Medicine,1
Sir James W. Black,Europe,1
Naguib Mahfouz,Literature,1
George H. Hitchings,Medicine,1
George H. Hitchings,North America,1
Melvin Schwartz,Physics,1
Melvin Schwartz,North America,1
Camilo José Cela,Literature,1
Wolfgang Paul,Physics,1
Wolfgang Paul,Europe,1
Thomas R. Cech,Chemistry,1
Thomas R. Cech,North America,1
Hans G. Dehmelt,Physics,1
Hans G. Dehmelt,North America,1
J. Michael Bishop,Medicine,1
J. Michael Bishop,North America,1
Norman F. Ramsey,Physics,1
Norman F. Ramsey,North America,1
Trygve Haavelmo,Economic Sciences,1
Trygve Haavelmo,Europe,1
The 14th Dalai Lama ,Peace,1
Sidney Altman,Chemistry,1
Sidney Altman,North America,1
Harold E. Varmus,Medicine,1
Harold E. Varmus,North America,1
Richard E. Taylor,Physics,1
Richard E. Taylor,North America,1
William F. Sharpe,Economic Sciences,1
William F. Sharpe,North America,1
Octavio Paz,Literature,1
Joseph E. Murray,Medicine,1
Joseph E. Murray,North America,1
Jerome I. Friedman,Physics,1
Jerome I. Friedman,North America,1
Mikhail Gorbachev,Peace,1
Merton H. Miller,Economic Sciences,1
Merton H. Miller,North America,1
Henry W. Kendall,Physics,1
Henry W. Kendall,North America,1
E. Donnall Thomas,Medicine,1
E. Donnall Thomas,North America,1
Harry M. Markowitz,Economic Sciences,1
Harry M. Markowitz,North America,1
Elias James Corey,Chemistry,1
Elias James Corey,North America,1
Ronald H. Coase,Economic Sciences,1
Ronald H. Coase,North America,1
Aung San Suu Kyi ,Peace,1
Pierre-Gilles de Gennes,Physics,1
Pierre-Gilles de Gennes,Europe,1
Bert Sakmann,Medicine,1
Bert Sakmann,Europe,1
Nadine Gordimer,Literature,1
Richard R. Ernst,Chemistry,1
Richard R. Ernst,Europe,1
Erwin Neher,Medicine,1
Erwin Neher,Europe,1
Rigoberta Menchú Tum,Peace,1
Derek Walcott,Literature,1
Rudolph A. Marcus,Chemistry,1
Rudolph A. Marcus,North America,1
Gary Becker,Economic Sciences,1
Gary Becker,North America,1
Georges Charpak,Physics,1
Georges Charpak,Europe,1
Edwin G. Krebs,Medicine,1
Edwin G. Krebs,North America,1
Edmond H. Fischer,Medicine,1
Edmond H. Fischer,North America,1
Richard J. Roberts,Medicine,1
Richard J. Roberts,North America,1
Toni Morrison,Literature,1
Phillip A. Sharp,Medicine,1
Phillip A. Sharp,North America,1
Joseph H. Taylor Jr.,Physics,1
Joseph H. Taylor Jr.,North America,1
Robert W. Fogel,Economic Sciences,1
Robert W. Fogel,North America,1
Douglass C. North,Economic Sciences,1
Douglass C. North,North America,1
F.W. de Klerk,Peace,1
Kary B. Mullis,Chemistry,1
Michael Smith,Chemistry,1
Michael Smith,North America,1
Nelson Mandela,Peace,1
Russell A. Hulse,Physics,1
Russell A. Hulse,North America,1
Bertram N. Brockhouse,Physics,1
Bertram N. Brockhouse,North America,1
Alfred G. Gilman,Medicine,1
Alfred G. Gilman,North America,1
John C. Harsanyi,Economic Sciences,1
John C. Harsanyi,North America,1
Shimon Peres,Peace,1
Clifford G. Shull,Physics,1
Clifford G. Shull,North America,1
John F. Nash Jr.,Economic Sciences,1
John F. Nash Jr.,North America,1
George A. Olah,Chemistry,1
George A. Olah,North America,1
Reinhard Selten,Economic Sciences,1
Reinhard Selten,Europe,1
Kenzaburo Oe,Literature,1
Yasser Arafat,Peace,1
Martin Rodbell,Medicine,1
Martin Rodbell,North America,1
Yitzhak Rabin,Peace,1
Eric F. Wieschaus,Medicine,1
Eric F. Wieschaus,North America,1
Martin L. Perl,Physics,1
Martin L. Perl,North America,1
Edward B. Lewis,Medicine,1
Edward B. Lewis,North America,1
Frederick Reines,Physics,1
Frederick Reines,North America,1
Mario J. Molina,Chemistry,1
Mario J. Molina,North America,1
Robert E. Lucas Jr.,Economic Sciences,1
Robert E. Lucas Jr.,North America,1
Joseph Rotblat,Peace,1
Seamus Heaney,Literature,1
Paul J. Crutzen,Chemistry,1
Paul J. Crutzen,Europe,1
Christiane Nüsslein-Volhard,Medicine,1
Christiane Nüsslein-Volhard,Europe,1
F. Sherwood Rowland,Chemistry,1
F. Sherwood Rowland,North America,1
Robert F. Curl Jr.,Chemistry,1
Robert F. Curl Jr.,North America,1
Wislawa Szymborska,Literature,1
James A. Mirrlees,Economic Sciences,1
James A. Mirrlees,Europe,1
Rolf M. Zinkernagel,Medicine,1
Rolf M. Zinkernagel,Europe,1
David M. Lee,Physics,1
David M. Lee,North America,1
Sir Harold Kroto,Chemistry,1
Sir Harold Kroto,Europe,1
Robert C. Richardson,Physics,1
Robert C. Richardson,North America,1
Peter C. Doherty,Medicine,1
Peter C. Doherty,North America,1
José Ramos-Horta,Peace,1
Douglas D. Osheroff,Physics,1
Douglas D. Osheroff,North America,1
Carlos Filipe Ximenes Belo,Peace,1
William Vickrey,Economic Sciences,1
William Vickrey,North America,1
Richard E. Smalley,Chemistry,1
Richard E. Smalley,North America,1
Jody Williams,Peace,1
Claude Cohen-Tannoudji,Physics,1
Claude Cohen-Tannoudji,Europe,1
William D. Phillips,Physics,1
William D. Phillips,North America,1
Jens C. Skou,Chemistry,1
Jens C. Skou,Europe,1
Robert C. Merton,Economic Sciences,1
Robert C. Merton,North America,1
Paul D. Boyer,Chemistry,1
Paul D. Boyer,North America,1
Dario Fo,Literature,1
John E. Walker,Chemistry,1
John E. Walker,Europe,1
Steven Chu,Physics,1
Steven Chu,North America,1
Stanley B. Prusiner,Medicine,1
Stanley B. Prusiner,North America,1
Myron Scholes,Economic Sciences,1
Myron Scholes,North America,1
José Saramago,Literature,1
Amartya Sen,Economic Sciences,1
Amartya Sen,Europe,1
Ferid Murad,Medicine,1
Ferid Murad,North America,1
John Hume,Peace,1
John Pople,Chemistry,1
John Pople,North America,1
Robert B. Laughlin,Physics,1
Robert B. Laughlin,North America,1
Walter Kohn,Chemistry,1
Walter Kohn,North America,1
David Trimble,Peace,1
Louis J. Ignarro,Medicine,1
Louis J. Ignarro,North America,1
Horst L. Störmer,Physics,1
Horst L. Störmer,North America,1
Robert F. Furchgott,Medicine,1
Robert F. Furchgott,North America,1
Daniel C. Tsui,Physics,1
Daniel C. Tsui,North America,1
Günter Grass,Literature,1
Günter Blobel,Medicine,1
Günter Blobel,North America,1
Gerardus 't Hooft,Physics,1
Gerardus 't Hooft,Europe,1
Ahmed Zewail,Chemistry,1
Ahmed Zewail,North America,1
Martinus J.G. Veltman,Physics,1
Robert Mundell,Economic Sciences,1
Robert Mundell,North America,1
Paul Greengard,Medicine,1
Paul Greengard,North America,1
Zhores Alferov,Physics,1
Zhores Alferov,Russia,1
Jack Kilby,Physics,1
Jack Kilby,North America,1
Eric Kandel,Medicine,1
Eric Kandel,North America,1
James J. Heckman,Economic Sciences,1
James J. Heckman,North America,1
Herbert Kroemer,Physics,1
Herbert Kroemer,North America,1
Gao Xingjian,Literature,1
Daniel L. McFadden,Economic Sciences,1
Daniel L. McFadden,North America,1
Alan Heeger,Chemistry,1
Alan Heeger,North America,1
Kim Dae-jung,Peace,1
Arvid Carlsson,Medicine,1
Arvid Carlsson,Europe,1
Hideki Shirakawa,Chemistry,1
Hideki Shirakawa,Japan,1
Alan MacDiarmid,Chemistry,1
Alan MacDiarmid,North America,1
William Knowles,Chemistry,1
V. S. Naipaul,Literature,1
Sir Paul Nurse,Medicine,1
Sir Paul Nurse,Europe,1
Tim Hunt,Medicine,1
Tim Hunt,Europe,1
Wolfgang Ketterle,Physics,1
Wolfgang Ketterle,North America,1
Ryoji Noyori,Chemistry,1
Ryoji Noyori,Japan,1
A. Michael Spence,Economic Sciences,1
A. Michael Spence,North America,1
Kofi Annan,Peace,1
Barry Sharpless,Chemistry,1
Barry Sharpless,North America,1
Joseph E. Stiglitz,Economic Sciences,1
Joseph E. Stiglitz,North America,1
Leland Hartwell,Medicine,1
Leland Hartwell,North America,1
Carl Wieman,Physics,1
Carl Wieman,North America,1
George A. Akerlof,Economic Sciences,1
George A. Akerlof,North America,1
Eric Cornell,Physics,1
Eric Cornell,North America,1
Sydney Brenner,Medicine,1
Sydney Brenner,North America,1
Daniel Kahneman,Economic Sciences,1
Daniel Kahneman,North America,1
Jimmy Carter,Peace,1
John B. Fenn,Chemistry,1
John B. Fenn,North America,1
John E. Sulston,Medicine,1
John E. Sulston,Europe,1
Vernon L. Smith,Economic Sciences,1
Vernon L. Smith,North America,1
Koichi Tanaka,Chemistry,1
Koichi Tanaka,Japan,1
Kurt Wüthrich,Chemistry,1
Kurt Wüthrich,Europe,1
H. Robert Horvitz,Medicine,1
H. Robert Horvitz,North America,1
Masatoshi Koshiba,Physics,1
Masatoshi Koshiba,Japan,1
Imre Kertész,Literature,1
Raymond Davis Jr.,Physics,1
Raymond Davis Jr.,North America,1
Riccardo Giacconi,Physics,1
Riccardo Giacconi,North America,1
Anthony J. Leggett,Physics,1
Anthony J. Leggett,North America,1
Sir Peter Mansfield,Medicine,1
Sir Peter Mansfield,Europe,1
Robert F. Engle III,Economic Sciences,1
Robert F. Engle III,North America,1
Shirin Ebadi,Peace,1
Roderick MacKinnon,Chemistry,1
Roderick MacKinnon,North America,1
J. M. Coetzee,Literature,1
Clive W.J. Granger,Economic Sciences,1
Clive W.J. Granger,North America,1
Paul C. Lauterbur,Medicine,1
Paul C. Lauterbur,North America,1
Peter Agre,Chemistry,1
Peter Agre,North America,1
Vitaly L. Ginzburg,Physics,1
Vitaly L. Ginzburg,Russia,1
Alexei Abrikosov,Physics,1
Alexei Abrikosov,North America,1
Frank Wilczek,Physics,1
Frank Wilczek,North America,1
Edward C. Prescott,Economic Sciences,1
Edward C. Prescott,North America,1
Richard Axel,Medicine,1
Richard Axel,North America,1
Elfriede Jelinek,Literature,1
Linda B. Buck,Medicine,1
Linda B. Buck,North America,1
Wangari Maathai,Peace,1
David J. Gross,Physics,1
David J. Gross,North America,1
Irwin Rose,Chemistry,1
Irwin Rose,North America,1
Avram Hershko,Chemistry,1
Avram Hershko,Israel,1
Aaron Ciechanover,Chemistry,1
Aaron Ciechanover,Israel,1
Finn E. Kydland,Economic Sciences,1
Finn E. Kydland,North America,1
H. David Politzer,Physics,1
H. David Politzer,North America,1
Robert H. Grubbs,Chemistry,1
Robert H. Grubbs,North America,1
Barry J. Marshall,Medicine,1
Barry J. Marshall,Australia,1
Theodor W. Hänsch,Physics,1
Theodor W. Hänsch,Europe,1
Thomas C. Schelling,Economic Sciences,1
Thomas C. Schelling,North America,1
Roy J. Glauber,Physics,1
Roy J. Glauber,North America,1
Robert J. Aumann,Economic Sciences,1
Robert J. Aumann,Israel,1
Yves Chauvin,Chemistry,1
Yves Chauvin,Europe,1
J. Robin Warren,Medicine,1
Richard R. Schrock,Chemistry,1
Richard R. Schrock,North America,1
Harold Pinter,Literature,1
John L. Hall,Physics,1
John L. Hall,North America,1
Mohamed ElBaradei,Peace,1
George F. Smoot,Physics,1
George F. Smoot,North America,1
Edmund S. Phelps,Economic Sciences,1
Edmund S. Phelps,North America,1
Craig C. Mello,Medicine,1
Craig C. Mello,North America,1
John C. Mather,Physics,1
John C. Mather,North America,1
Muhammad Yunus,Peace,1
Roger D. Kornberg,Chemistry,1
Roger D. Kornberg,North America,1
Andrew Z. Fire,Medicine,1
Andrew Z. Fire,North America,1
Orhan Pamuk,Literature,1
Doris Lessing,Literature,1
Gerhard Ertl,Chemistry,1
Gerhard Ertl,Europe,1
Sir Martin J. Evans,Medicine,1
Sir Martin J. Evans,Europe,1
Albert Fert,Physics,1
Albert Fert,Europe,1
Roger B. Myerson,Economic Sciences,1
Roger B. Myerson,North America,1
Al Gore,Peace,1
Eric S. Maskin,Economic Sciences,1
Eric S. Maskin,North America,1
Oliver Smithies,Medicine,1
Oliver Smithies,North America,1
Peter Grünberg,Physics,1
Peter Grünberg,Europe,1
Mario R. Capecchi,Medicine,1
Mario R. Capecchi,North America,1
Leonid Hurwicz,Economic Sciences,1
Leonid Hurwicz,North America,1
Paul Krugman,Economic Sciences,1
Paul Krugman,North America,1
Yoichiro Nambu,Physics,1
Yoichiro Nambu,North America,1
Françoise Barré-Sinoussi,Medicine,1
Françoise Barré-Sinoussi,Europe,1
Luc Montagnier,Medicine,1
Luc Montagnier,Europe,1
Roger Y. Tsien,Chemistry,1
Roger Y. Tsien,North America,1
Osamu Shimomura,Chemistry,1
Osamu Shimomura,North America,1
Jean-Marie Gustave Le Clézio,Literature,1
Harald zur Hausen,Medicine,1
Harald zur Hausen,Europe,1
Toshihide Maskawa,Physics,1
Toshihide Maskawa,Japan,1
Martti Ahtisaari,Peace,1
Makoto Kobayashi,Physics,1
Makoto Kobayashi,Japan,1
Martin Chalfie,Chemistry,1
Martin Chalfie,North America,1
Oliver E. Williamson,Economic Sciences,1
Oliver E. Williamson,North America,1
Jack W. Szostak,Medicine,1
Jack W. Szostak,North America,1
Herta Müller,Literature,1
Willard S. Boyle,Physics,1
Willard S. Boyle,North America,1
Charles K. Kao,Physics,1
Charles K. Kao,Europe,1
Carol W. Greider,Medicine,1
Carol W. Greider,North America,1
Barack H. Obama,Peace,1
Elinor Ostrom,Economic Sciences,1
Elinor Ostrom,North America,1
Thomas A. Steitz,Chemistry,1
Thomas A. Steitz,North America,1
Ada E. Yonath,Chemistry,1
Ada E. Yonath,Israel,1
Venkatraman Ramakrishnan,Chemistry,1
Venkatraman Ramakrishnan,Europe,1
George E. Smith,Physics,1
George E. Smith,North America,1
Elizabeth H. Blackburn,Medicine,1
Elizabeth H. Blackburn,North America,1
Richard F. Heck,Chemistry,1
Richard F. Heck,North America,1
Mario Vargas Llosa,Literature,1
Akira Suzuki,Chemistry,1
Akira Suzuki,Japan,1
Konstantin Novoselov,Physics,1
Konstantin Novoselov,Europe,1
Robert G. Edwards,Medicine,1
Robert G. Edwards,Europe,1
Peter A. Diamond,Economic Sciences,1
Peter A. Diamond,North America,1
Andre Geim,Physics,1
Andre Geim,Europe,1
Dale T. Mortensen,Economic Sciences,1
Dale T. Mortensen,North America,1
Ei-ichi Negishi,Chemistry,1
Ei-ichi Negishi,North America,1
Christopher A. Pissarides,Economic Sciences,1
Christopher A. Pissarides,Europe,1
Liu Xiaobo,Peace,1
Tomas Tranströmer,Literature,1
Thomas J. Sargent,Economic Sciences,1
Thomas J. Sargent,North America,1
Tawakkol Karman,Peace,1
Ellen Johnson Sirleaf,Peace,1
Jules A. Hoffmann,Medicine,1
Jules A. Hoffmann,Europe,1
Dan Shechtman,Chemistry,1
Dan Shechtman,Israel,1
Christopher A. Sims,Economic Sciences,1
Christopher A. Sims,North America,1
Leymah Gbowee,Peace,1
Adam G. Riess,Physics,1
Adam G. Riess,North America,1
Ralph M. Steinman,Medicine,1
Ralph M. Steinman,North America,1
Bruce A. Beutler,Medicine,1
Bruce A. Beutler,North America,1
Brian P. Schmidt,Physics,1
Brian P. Schmidt,Australia,1
Saul Perlmutter,Physics,1
Saul Perlmutter,North America,1
Lloyd S. Shapley,Economic Sciences,1
Lloyd S. Shapley,North America,1
Serge Haroche,Physics,1
Serge Haroche,Europe,1
David J. Wineland,Physics,1
David J. Wineland,North America,1
Alvin E. Roth,Economic Sciences,1
Alvin E. Roth,North America,1
Robert J. Lefkowitz,Chemistry,1
Brian Kobilka,Chemistry,1
Brian Kobilka,North America,1
Mo Yan,Literature,1
Sir John B. Gurdon,Medicine,1
Sir John B. Gurdon,Europe,1
Shinya Yamanaka,Medicine,1
Shinya Yamanaka,Japan,1
Alice Munro,Literature,1
Robert J. Shiller,Economic Sciences,1
Robert J. Shiller,North America,1
Michael Levitt,Chemistry,1
Michael Levitt,North America,1
Eugene F. Fama,Economic Sciences,1
Eugene F. Fama,North America,1
Randy W. Schekman,Medicine,1
Randy W. Schekman,North America,1
Arieh Warshel,Chemistry,1
Arieh Warshel,North America,1
François Englert,Physics,1
François Englert,Europe,1
Lars Peter Hansen,Economic Sciences,1
Lars Peter Hansen,North America,1
Peter Higgs,Physics,1
Peter Higgs,Europe,1
James E. Rothman,Medicine,1
James E. Rothman,North America,1
Martin Karplus,Chemistry,1
Martin Karplus,Europe,1
Thomas C. Südhof,Medicine,1
Thomas C. Südhof,North America,1
William E. Moerner,Chemistry,1
William E. Moerner,North America,1
Edvard I. Moser,Medicine,1
Edvard I. Moser,Europe,1
John O'Keefe,Medicine,1
John O'Keefe,Europe,1
Eric Betzig,Chemistry,1
Eric Betzig,North America,1
Malala Yousafzai,Peace,1
May-Britt Moser,Medicine,1
May-Britt Moser,Europe,1
Stefan W. Hell,Chemistry,1
Stefan W. Hell,Europe,1
Isamu Akasaki,Physics,1
Isamu Akasaki,Japan,1
Hiroshi Amano,Physics,1
Hiroshi Amano,Japan,1
Patrick Modiano,Literature,1
Shuji Nakamura,Physics,1
Shuji Nakamura,North America,1
Kailash Satyarthi,Peace,1
Jean Tirole,Economic Sciences,1
Jean Tirole,Europe,1
Takaaki Kajita,Physics,1
Takaaki Kajita,Japan,1
Svetlana Alexievich,Literature,1
Aziz Sancar,Chemistry,1
Aziz Sancar,North America,1
Satoshi &#332;mura,Medicine,1
Satoshi &#332;mura,Japan,1
Angus Deaton,Economic Sciences,1
Angus Deaton,North America,1
William C. Campbell,Medicine,1
William C. Campbell,North America,1
Tomas Lindahl,Chemistry,1
Tomas Lindahl,Europe,1
Tu Youyou,Medicine,1
Tu Youyou,China,1
Arthur B. McDonald,Physics,1
Arthur B. McDonald,North America,1
Paul Modrich,Chemistry,1
Paul Modrich,North America,1
Juan Manuel Santos,Peace,1
Jean-Pierre Sauvage,Chemistry,1
Jean-Pierre Sauvage,Europe,1
Bob Dylan,Literature,1
Sir J. Fraser Stoddart,Chemistry,1
Sir J. Fraser Stoddart,North America,1
J. Michael Kosterlitz,Physics,1
J. Michael Kosterlitz,North America,1
David J. Thouless,Physics,1
David J. Thouless,North America,1
Oliver Hart,Economic Sciences,1
Oliver Hart,North America,1
Yoshinori Ohsumi,Medicine,1
Yoshinori Ohsumi,Japan,1
F. Duncan M. Haldane,Physics,1
F. Duncan M. Haldane,North America,1
Bernard L. Feringa,Chemistry,1
Bernard L. Feringa,Europe,1
Bengt Holmström,Economic Sciences,1
Bengt Holmström,North America,1
Michael Rosbash,Medicine,1
Michael Rosbash,North America,1
Barry C. Barish,Physics,1
Michael W. Young,Medicine,1
Michael W. Young,North America,1
Kip S. Thorne,Physics,1
Rainer Weiss,Physics,1
Richard H. Thaler,Economic Sciences,1
Richard H. Thaler,North America,1
Richard Henderson,Chemistry,1
Richard Henderson,Europe,1
Jacques Dubochet,Chemistry,1
Jacques Dubochet,Europe,1
Joachim Frank,Chemistry,1
Joachim Frank,North America,1
Jeffrey C. Hall,Medicine,1
Jeffrey C. Hall,North America,1
Kazuo Ishiguro,Literature,1
Tasuku Honjo,Medicine,1
Tasuku Honjo,Japan,1
Olga Tokarczuk,Literature,1
Nadia Murad,Peace,1
Donna Strickland,Physics,1
Donna Strickland,North America,1
George P. Smith,Chemistry,1
George P. Smith,North America,1
Denis Mukwege,Peace,1
William D. Nordhaus,Economic Sciences,1
William D. Nordhaus,North America,1
Frances H. Arnold,Chemistry,1
Frances H. Arnold,North America,1
Arthur Ashkin,Physics,1
Arthur Ashkin,North America,1
James P. Allison,Medicine,1
James P. Allison,North America,1
Sir Gregory P. Winter,Chemistry,1
Sir Gregory P. Winter,Europe,1
Gérard Mourou,Physics,1
Gérard Mourou,Europe,1
Paul M. Romer,Economic Sciences,1
Paul M. Romer,North America,1
Peter Handke,Literature,1
Abiy Ahmed Ali,Peace,1
Abhijit Banerjee,Economic Sciences,1
Abhijit Banerjee,North America,1
Esther Duflo,Economic Sciences,1
Esther Duflo,North America,1
John B. Goodenough,Chemistry,1
John B. Goodenough,North America,1
Akira Yoshino,Chemistry,1
Akira Yoshino,Japan,1
Didier Queloz,Physics,1
Didier Queloz,Europe,1
Michael Kremer,Economic Sciences,1
Michael Kremer,North America,1
Sir Peter J. Ratcliffe,Medicine,1
Sir Peter J. Ratcliffe,Europe,1
M. Stanley Whittingham,Chemistry,1
M. Stanley Whittingham,North America,1
James Peebles,Physics,1
James Peebles,North America,1
William G. Kaelin Jr,Medicine,1
William G. Kaelin Jr,North America,1
Gregg L. Semenza,Medicine,1
Gregg L. Semenza,North America,1
Michel Mayor,Physics,1
Michel Mayor,Europe,1
